"企业ID","企业","融资余额(百万元)","加权成本(%)","到期本金(百万元)","测算缺口(百万元)","历史评分","历史分档","数据版本","结果身份"
"ENT-001","风电测试公司01","420","2.04","294","176.4","59.08","绿灯","DATA-V14-20251231-DEMO-1","DEMO_BASELINE"
"ENT-002","风电测试公司02","621","2.21","434.7","226.665","88.41","绿灯","DATA-V14-20251231-DEMO-1","DEMO_BASELINE"
"ENT-003","风电测试公司03","822","2.38","575.4","254.82","71.57","绿灯","DATA-V14-20251231-DEMO-1","DEMO_BASELINE"
"ENT-004","风电测试公司04","1023","2.55","716.1","260.865","80.37","绿灯","DATA-V14-20251231-DEMO-1","DEMO_BASELINE"
"ENT-005","风电测试公司05","704","2.72","492.8","140.8","57.3","绿灯","DATA-V14-20251231-DEMO-1","DEMO_BASELINE"
"ENT-006","风电测试公司06","905","2.89","633.5","380.1","60.64","绿灯","DATA-V14-20251231-DEMO-1","DEMO_BASELINE"
"ENT-007","风电测试公司07","77000","2.196617","53900","28105","37.75","黄灯","DATA-V14-20251231-DEMO-1","DEMO_BASELINE"
"ENT-008","风电测试公司08","1307","2.04","914.9","405.17","56.62","绿灯","DATA-V14-20251231-DEMO-1","DEMO_BASELINE"
"ENT-009","风电测试公司09","988","2.21","691.6","251.94","47.32","绿灯","DATA-V14-20251231-DEMO-1","DEMO_BASELINE"
"ENT-010","风电测试公司10","1189","2.38","832.3","237.8","54","绿灯","DATA-V14-20251231-DEMO-1","DEMO_BASELINE"
"ENT-011","风电测试公司11","1390","2.55","973","583.8","54","绿灯","DATA-V14-20251231-DEMO-1","DEMO_BASELINE"
"ENT-012","风电测试公司12","1591","2.72","1113.7","580.715","54","绿灯","DATA-V14-20251231-DEMO-1","DEMO_BASELINE"
"ENT-013","风电测试公司13","1272","2.89","890.4","394.32","43.96","绿灯","DATA-V14-20251231-DEMO-1","DEMO_BASELINE"
"ENT-014","风电测试公司14","1473","3.06","1031.1","375.615","54.57","绿灯","DATA-V14-20251231-DEMO-1","DEMO_BASELINE"
"ENT-015","风电测试公司15","1674","2.04","1171.8","334.8","49.92","绿灯","DATA-V14-20251231-DEMO-1","DEMO_BASELINE"
"ENT-016","风电测试公司16","1875","2.21","1312.5","787.5","57.33","绿灯","DATA-V14-20251231-DEMO-1","DEMO_BASELINE"
"ENT-017","环保测试公司1","2001.6","2.22838","800.64","130.104","30.52","黄灯","DATA-V14-20251231-DEMO-1","DEMO_BASELINE"
"ENT-018","环保测试公司2","1757","2.87","702.8","17.57","33.92","黄灯","DATA-V14-20251231-DEMO-1","DEMO_BASELINE"
"ENT-019","环保测试公司3","1958","3.04","783.2","0","37.31","黄灯","DATA-V14-20251231-DEMO-1","DEMO_BASELINE"
"ENT-020","环保测试公司4","39313.4","2.880984","15725.36","0","23.05","红灯","DATA-V14-20251231-DEMO-1","DEMO_BASELINE"
"ENT-021","核电测试公司1","1840","3.38","736","220.8","45.1","绿灯","DATA-V14-20251231-DEMO-1","DEMO_BASELINE"