"业务对象","资源类型","稳定资源身份","业务标签","精确值","单位","业务状态","业务提示","证据编号","已发布语义版本","可消费数据版本","数据截至时间","生成时间","质量状态","新鲜度","查询返回范围"
"集团","Metric","MET-WAVG-FINANCING-COST","平均融资成本","2.372231","%","可计算","","RUN-S001-MTRX8BJ0-001-E01","semantic-MSVJM48O-VJC6 / V1","FIN-ASSET-20251231-v02","2025-12-31","2026-09-08 00:18:23","通过","截至时间已确认","当前查询完整结果"
"集团","Metric","MET-FINANCING-BALANCE","融资余额","21613.387","亿元","可计算","","RUN-S001-MTRX8BJ0-001-E02","semantic-MSVJM48O-VJC6 / V1","FIN-ASSET-20251231-v02","2025-12-31","2026-09-08 00:18:23","通过","截至时间已确认","当前查询完整结果"
"集团","Metric","MET-FLOATING-RATE-BALANCE-RATIO","浮动利率融资占比","95.149","%","可计算","","RUN-S001-MTRX8BJ0-001-E03","semantic-MSVJM48O-VJC6 / V1","FIN-ASSET-20251231-v02","2025-12-31","2026-09-08 00:18:23","通过","截至时间已确认","当前查询完整结果"
"集团","Metric","MET-SHORT-TERM-DEBT-RATIO","短期债务占比","0.912","%","可计算","","RUN-S001-MTRX8BJ0-001-E04","semantic-MSVJM48O-VJC6 / V1","FIN-ASSET-20251231-v02","2025-12-31","2026-09-08 00:18:23","通过","截至时间已确认","当前查询完整结果"
"核能","Metric","MET-WAVG-FINANCING-COST","平均融资成本","1.948","%","可计算","","RUN-S001-MTRX8BJ0-001-E05","semantic-MSVJM48O-VJC6 / V1","FIN-ASSET-20251231-v02","2025-12-31","2026-09-08 00:18:23","通过","截至时间已确认","当前查询完整结果"
"境内新能源","Metric","MET-WAVG-FINANCING-COST","平均融资成本","2.286","%","可计算","","RUN-S001-MTRX8BJ0-001-E06","semantic-MSVJM48O-VJC6 / V1","FIN-ASSET-20251231-v02","2025-12-31","2026-09-08 00:18:23","通过","截至时间已确认","当前查询完整结果"
"产业服务","Metric","MET-WAVG-FINANCING-COST","平均融资成本","2.462","%","可计算","","RUN-S001-MTRX8BJ0-001-E07","semantic-MSVJM48O-VJC6 / V1","FIN-ASSET-20251231-v02","2025-12-31","2026-09-08 00:18:23","通过","截至时间已确认","当前查询完整结果"
"数字化","Metric","MET-WAVG-FINANCING-COST","平均融资成本","2.523","%","可计算","","RUN-S001-MTRX8BJ0-001-E08","semantic-MSVJM48O-VJC6 / V1","FIN-ASSET-20251231-v02","2025-12-31","2026-09-08 00:18:23","通过","截至时间已确认","当前查询完整结果"
"产业金融","Metric","MET-WAVG-FINANCING-COST","平均融资成本","2.614","%","可计算","","RUN-S001-MTRX8BJ0-001-E09","semantic-MSVJM48O-VJC6 / V1","FIN-ASSET-20251231-v02","2025-12-31","2026-09-08 00:18:23","通过","截至时间已确认","当前查询完整结果"
"环保产业","Metric","MET-WAVG-FINANCING-COST","平均融资成本","2.741","%","可计算","","RUN-S001-MTRX8BJ0-001-E10","semantic-MSVJM48O-VJC6 / V1","FIN-ASSET-20251231-v02","2025-12-31","2026-09-08 00:18:23","通过","截至时间已确认","当前查询完整结果"