replay_rank,stable_product_id,snapshot_count,snapshot_coverage_pct,first_seen_date,last_seen_date,name_variant_count,numeric_field_coverage_pct,stable_key_basis,key_quality,selection_reason
1,PRD-223C4E179176A5FB,79,100,2025-02-21,2026-07-17,2,100,normalized_security_code,REVIEW_ALIAS_VARIATION,highest_cross_snapshot_coverage_then_numeric_completeness
2,PRD-3ADC1B8FB9E03B0E,79,100,2025-02-21,2026-07-17,1,100,normalized_security_code,STRONG,highest_cross_snapshot_coverage_then_numeric_completeness
3,PRD-3B8D17A841F6786E,79,100,2025-02-21,2026-07-17,1,100,normalized_security_code,STRONG,highest_cross_snapshot_coverage_then_numeric_completeness
4,PRD-471C3465F80997F5,79,100,2025-02-21,2026-07-17,1,100,normalized_security_code,STRONG,highest_cross_snapshot_coverage_then_numeric_completeness
5,PRD-6729FA674D428F67,79,100,2025-02-21,2026-07-17,1,100,normalized_security_code,STRONG,highest_cross_snapshot_coverage_then_numeric_completeness
6,PRD-849C37A7CD958684,79,100,2025-02-21,2026-07-17,2,100,normalized_security_code,REVIEW_ALIAS_VARIATION,highest_cross_snapshot_coverage_then_numeric_completeness
7,PRD-998FBA51E311C569,79,100,2025-02-21,2026-07-17,1,100,normalized_security_code,STRONG,highest_cross_snapshot_coverage_then_numeric_completeness
8,PRD-C737EC63454B0CE9,79,100,2025-02-21,2026-07-17,1,100,normalized_security_code,STRONG,highest_cross_snapshot_coverage_then_numeric_completeness
9,PRD-CED0581836ABB434,79,100,2025-02-21,2026-07-17,2,100,normalized_security_code,REVIEW_ALIAS_VARIATION,highest_cross_snapshot_coverage_then_numeric_completeness
10,PRD-B8911996265C0F34,79,100,2025-02-21,2026-07-17,1,87.66,normalized_security_code,STRONG,highest_cross_snapshot_coverage_then_numeric_completeness
11,PRD-DA2E5246E89756C1,78,98.73,2025-02-21,2026-07-17,1,34.46,normalized_security_code,STRONG,highest_cross_snapshot_coverage_then_numeric_completeness
12,PRD-7C41D54E8D718551,78,98.73,2025-02-21,2026-07-17,1,29.81,normalized_security_code,STRONG,highest_cross_snapshot_coverage_then_numeric_completeness
13,PRD-E0A3A7D8D3F65D36,78,98.73,2025-02-21,2026-07-17,1,25,normalized_security_code,STRONG,highest_cross_snapshot_coverage_then_numeric_completeness
14,PRD-69E146B2B23A07BA,55,69.62,2025-07-25,2026-07-17,1,100,normalized_security_code,STRONG,highest_cross_snapshot_coverage_then_numeric_completeness
15,PRD-644381158BB80256,50,63.29,2025-02-21,2025-12-31,1,100,normalized_security_code,STRONG,highest_cross_snapshot_coverage_then_numeric_completeness
